Dataset,Column,Data Type,Missing,Unique Values
11100021,ref_date,datetime64[ns],0,3
11100021,geo,object,0,13
11100021,dguid,object,0,13
11100021,assets_and_debts,object,0,25
11100021,net_worth_quintiles,object,0,6
11100021,characteristics,object,0,6
11100021,uom,object,0,3
11100021,uom_id,int64,0,3
11100021,scalar_factor,object,0,3
11100021,scalar_id,int64,0,3
11100021,vector,object,0,12636
11100021,coordinate,object,0,12636
11100021,value,float64,14977,7319
11100021,status,object,0,5
11100021,decimals,int64,0,2
11100021_MetaData,cube_title,object,0,33
11100021_MetaData,product_id,object,0,90
11100021_MetaData,cansim_id,object,0,19
11100021_MetaData,url,object,0,32
11100021_MetaData,cube_notes,object,0,12
11100021_MetaData,archive_status,object,0,4
11100021_MetaData,frequency,object,0,11
11100021_MetaData,start_reference_period,object,0,3
11100021_MetaData,end_reference_period,object,0,3
11100021_MetaData,total_number_of_dimensions,object,0,3
API_CAN_DS2_en_csv_v2_10977,country_name,object,0,1
API_CAN_DS2_en_csv_v2_10977,country_code,object,0,1
API_CAN_DS2_en_csv_v2_10977,indicator_name,object,0,1486
API_CAN_DS2_en_csv_v2_10977,indicator_code,object,0,1486
API_CAN_DS2_en_csv_v2_10977,1960,float64,1283,201
API_CAN_DS2_en_csv_v2_10977,1961,float64,1194,291
API_CAN_DS2_en_csv_v2_10977,1962,float64,1184,301
API_CAN_DS2_en_csv_v2_10977,1963,float64,1179,306
API_CAN_DS2_en_csv_v2_10977,1964,float64,1179,306
API_CAN_DS2_en_csv_v2_10977,1965,float64,1177,307
API_CAN_DS2_en_csv_v2_10977,1966,float64,1179,306
API_CAN_DS2_en_csv_v2_10977,1967,float64,1179,306
API_CAN_DS2_en_csv_v2_10977,1968,float64,1179,306
API_CAN_DS2_en_csv_v2_10977,1969,float64,1177,308
API_CAN_DS2_en_csv_v2_10977,1970,float64,1077,401
API_CAN_DS2_en_csv_v2_10977,1971,float64,1039,437
API_CAN_DS2_en_csv_v2_10977,1972,float64,1059,418
API_CAN_DS2_en_csv_v2_10977,1973,float64,1046,430
API_CAN_DS2_en_csv_v2_10977,1974,float64,1062,417
API_CAN_DS2_en_csv_v2_10977,1975,float64,1043,431
API_CAN_DS2_en_csv_v2_10977,1976,float64,1021,455
API_CAN_DS2_en_csv_v2_10977,1977,float64,1014,461
API_CAN_DS2_en_csv_v2_10977,1978,float64,1031,446
API_CAN_DS2_en_csv_v2_10977,1979,float64,1015,460
API_CAN_DS2_en_csv_v2_10977,1980,float64,1026,451
API_CAN_DS2_en_csv_v2_10977,1981,float64,994,479
API_CAN_DS2_en_csv_v2_10977,1982,float64,990,480
API_CAN_DS2_en_csv_v2_10977,1983,float64,1000,472
API_CAN_DS2_en_csv_v2_10977,1984,float64,981,490
API_CAN_DS2_en_csv_v2_10977,1985,float64,980,490
API_CAN_DS2_en_csv_v2_10977,1986,float64,965,508
API_CAN_DS2_en_csv_v2_10977,1987,float64,974,499
API_CAN_DS2_en_csv_v2_10977,1988,float64,974,496
API_CAN_DS2_en_csv_v2_10977,1989,float64,961,511
API_CAN_DS2_en_csv_v2_10977,1990,float64,789,663
API_CAN_DS2_en_csv_v2_10977,1991,float64,750,706
API_CAN_DS2_en_csv_v2_10977,1992,float64,758,698
API_CAN_DS2_en_csv_v2_10977,1993,float64,740,715
API_CAN_DS2_en_csv_v2_10977,1994,float64,750,702
API_CAN_DS2_en_csv_v2_10977,1995,float64,712,739
API_CAN_DS2_en_csv_v2_10977,1996,float64,719,734
API_CAN_DS2_en_csv_v2_10977,1997,float64,717,736
API_CAN_DS2_en_csv_v2_10977,1998,float64,672,782
API_CAN_DS2_en_csv_v2_10977,1999,float64,680,771
API_CAN_DS2_en_csv_v2_10977,2000,float64,565,863
API_CAN_DS2_en_csv_v2_10977,2001,float64,615,828
API_CAN_DS2_en_csv_v2_10977,2002,float64,621,823
API_CAN_DS2_en_csv_v2_10977,2003,float64,626,815
API_CAN_DS2_en_csv_v2_10977,2004,float64,614,827
API_CAN_DS2_en_csv_v2_10977,2005,float64,588,846
API_CAN_DS2_en_csv_v2_10977,2006,float64,588,845
API_CAN_DS2_en_csv_v2_10977,2007,float64,575,860
API_CAN_DS2_en_csv_v2_10977,2008,float64,577,854
API_CAN_DS2_en_csv_v2_10977,2009,float64,591,847
API_CAN_DS2_en_csv_v2_10977,2010,float64,555,872
API_CAN_DS2_en_csv_v2_10977,2011,float64,562,868
API_CAN_DS2_en_csv_v2_10977,2012,float64,578,853
API_CAN_DS2_en_csv_v2_10977,2013,float64,575,856
API_CAN_DS2_en_csv_v2_10977,2014,float64,556,871
API_CAN_DS2_en_csv_v2_10977,2015,float64,549,847
API_CAN_DS2_en_csv_v2_10977,2016,float64,543,876
API_CAN_DS2_en_csv_v2_10977,2017,float64,561,861
API_CAN_DS2_en_csv_v2_10977,2018,float64,579,854
API_CAN_DS2_en_csv_v2_10977,2019,float64,587,841
API_CAN_DS2_en_csv_v2_10977,2020,float64,577,831
API_CAN_DS2_en_csv_v2_10977,2021,float64,592,833
API_CAN_DS2_en_csv_v2_10977,2022,float64,664,766
API_CAN_DS2_en_csv_v2_10977,2023,float64,761,689
API_CAN_DS2_en_csv_v2_10977,2024,float64,868,593
API_CAN_DS2_en_csv_v2_10977,2025,float64,1358,125
FVI_BANKS_CASH-sd-2015-04-01-ed-2026-01-01,date,datetime64[ns],0,43
FVI_BANKS_CASH-sd-2015-04-01-ed-2026-01-01,fvi_nsfr_sib,float64,23,19
FVI_BANKS_CASH-sd-2015-04-01-ed-2026-01-01,fvi_lcr_sib,float64,0,42
FVI_BANKS_PROFIT-sd-2013-01-01-ed-2026-01-01,date,datetime64[ns],0,52
FVI_BANKS_PROFIT-sd-2013-01-01-ed-2026-01-01,fvi_roe_sib,float64,0,50
FVI_BANKS_PROFIT-sd-2013-01-01-ed-2026-01-01,fvi_roe_smsb,float64,0,50
FVI_BANKS_PROFIT-sd-2013-01-01-ed-2026-01-01,fvi_roa_sib,float64,0,29
FVI_BANKS_PROFIT-sd-2013-01-01-ed-2026-01-01,fvi_roa_smsb,float64,0,34
FVI_CHARACTERISTICS_MORTGAGE_ORIGINATION_ALL-sd-2014-01-01-ed-2026-01-01,date,datetime64[ns],0,48
FVI_CHARACTERISTICS_MORTGAGE_ORIGINATION_ALL-sd-2014-01-01-ed-2026-01-01,fvi_mtg_all_amort_lt25y,float64,7,33
FVI_CHARACTERISTICS_MORTGAGE_ORIGINATION_ALL-sd-2014-01-01-ed-2026-01-01,fvi_mtg_all_amort_25y,float64,7,40
FVI_CHARACTERISTICS_MORTGAGE_ORIGINATION_ALL-sd-2014-01-01-ed-2026-01-01,fvi_mtg_all_amort_gt25y,float64,7,41
FVI_CHARACTERISTICS_MORTGAGE_ORIGINATION_ALL-sd-2014-01-01-ed-2026-01-01,fvi_mtg_all_orig,float64,7,41
FVI_CHARACTERISTICS_MORTGAGE_ORIGINATION_ALL-sd-2014-01-01-ed-2026-01-01,fvi_mtg_all_var,float64,7,40
FVI_CHARACTERISTICS_MORTGAGE_ORIGINATION_ALL-sd-2014-01-01-ed-2026-01-01,fvi_mtg_all_fix_lt3y,float64,7,40
FVI_CHARACTERISTICS_MORTGAGE_ORIGINATION_ALL-sd-2014-01-01-ed-2026-01-01,fvi_mtg_all_fix_3_to_lt5y,float64,7,37
FVI_CHARACTERISTICS_MORTGAGE_ORIGINATION_ALL-sd-2014-01-01-ed-2026-01-01,fvi_mtg_all_fix_gte5y,float64,7,40
FVI_CHARACTERISTICS_MORTGAGE_ORIGINATION_ALL-sd-2014-01-01-ed-2026-01-01,fvi_mtg_ins_amort_lt25y,float64,0,41
FVI_CHARACTERISTICS_MORTGAGE_ORIGINATION_ALL-sd-2014-01-01-ed-2026-01-01,fvi_mtg_ins_amort_25y,float64,0,41
FVI_CHARACTERISTICS_MORTGAGE_ORIGINATION_ALL-sd-2014-01-01-ed-2026-01-01,fvi_mtg_ins_amort_gt25y,float64,0,7
FVI_CHARACTERISTICS_MORTGAGE_ORIGINATION_ALL-sd-2014-01-01-ed-2026-01-01,fvi_mtg_ins_orig,float64,0,48
FVI_CHARACTERISTICS_MORTGAGE_ORIGINATION_ALL-sd-2014-01-01-ed-2026-01-01,fvi_mtg_ins_var,float64,0,47
FVI_CHARACTERISTICS_MORTGAGE_ORIGINATION_ALL-sd-2014-01-01-ed-2026-01-01,fvi_mtg_ins_fix_lt3y,float64,0,47
FVI_CHARACTERISTICS_MORTGAGE_ORIGINATION_ALL-sd-2014-01-01-ed-2026-01-01,fvi_mtg_ins_fix_3_to_lt5y,float64,0,47
FVI_CHARACTERISTICS_MORTGAGE_ORIGINATION_ALL-sd-2014-01-01-ed-2026-01-01,fvi_mtg_ins_fix_gte5y,float64,0,48
FVI_CHARACTERISTICS_MORTGAGE_ORIGINATION_ALL-sd-2014-01-01-ed-2026-01-01,fvi_mtg_unins_amort_lt25y,float64,7,39
FVI_CHARACTERISTICS_MORTGAGE_ORIGINATION_ALL-sd-2014-01-01-ed-2026-01-01,fvi_mtg_unins_amort_25y,float64,7,41
FVI_CHARACTERISTICS_MORTGAGE_ORIGINATION_ALL-sd-2014-01-01-ed-2026-01-01,fvi_mtg_unins_amort_gt25y,float64,7,40
FVI_CHARACTERISTICS_MORTGAGE_ORIGINATION_ALL-sd-2014-01-01-ed-2026-01-01,fvi_mtg_unins_orig,float64,7,41
FVI_CHARACTERISTICS_MORTGAGE_ORIGINATION_ALL-sd-2014-01-01-ed-2026-01-01,fvi_mtg_unins_var,float64,7,41
FVI_CHARACTERISTICS_MORTGAGE_ORIGINATION_ALL-sd-2014-01-01-ed-2026-01-01,fvi_mtg_unins_fix_lt3y,float64,7,40
FVI_CHARACTERISTICS_MORTGAGE_ORIGINATION_ALL-sd-2014-01-01-ed-2026-01-01,fvi_mtg_unins_fix_3_to_lt5y,float64,7,41
FVI_CHARACTERISTICS_MORTGAGE_ORIGINATION_ALL-sd-2014-01-01-ed-2026-01-01,fvi_mtg_unins_fix_gte5y,float64,7,41
FVI_CHARACTERISTICS_MORTGAGE_ORIGINATION_ALL-sd-2014-01-01-ed-2026-01-01,fvi_mtg_all_amort_lt25y_mi_resl2,float64,38,8
FVI_CHARACTERISTICS_MORTGAGE_ORIGINATION_ALL-sd-2014-01-01-ed-2026-01-01,fvi_mtg_all_amort_25y_mi_resl2,float64,38,10
FVI_CHARACTERISTICS_MORTGAGE_ORIGINATION_ALL-sd-2014-01-01-ed-2026-01-01,fvi_mtg_all_amort_gt25y_mi_resl2,float64,38,10
FVI_CHARACTERISTICS_MORTGAGE_ORIGINATION_ALL-sd-2014-01-01-ed-2026-01-01,fvi_mtg_all_orig_mi_resl2,float64,38,10
FVI_CHARACTERISTICS_MORTGAGE_ORIGINATION_ALL-sd-2014-01-01-ed-2026-01-01,fvi_mtg_all_var_mi_resl2,float64,38,10
FVI_CHARACTERISTICS_MORTGAGE_ORIGINATION_ALL-sd-2014-01-01-ed-2026-01-01,fvi_mtg_all_fix_lt3y_mi_resl2,float64,38,10
FVI_CHARACTERISTICS_MORTGAGE_ORIGINATION_ALL-sd-2014-01-01-ed-2026-01-01,fvi_mtg_all_fix_3_to_lt5y_mi_resl2,float64,38,10
FVI_CHARACTERISTICS_MORTGAGE_ORIGINATION_ALL-sd-2014-01-01-ed-2026-01-01,fvi_mtg_all_fix_gte5y_mi_resl2,float64,38,10
FVI_CHARACTERISTICS_MORTGAGE_ORIGINATION_ALL-sd-2014-01-01-ed-2026-01-01,fvi_mtg_unins_amort_lt25y_resl2,float64,38,10
FVI_CHARACTERISTICS_MORTGAGE_ORIGINATION_ALL-sd-2014-01-01-ed-2026-01-01,fvi_mtg_unins_amort_25y_resl2,float64,38,10
FVI_CHARACTERISTICS_MORTGAGE_ORIGINATION_ALL-sd-2014-01-01-ed-2026-01-01,fvi_mtg_unins_amort_gt25y_resl2,float64,38,10
FVI_CHARACTERISTICS_MORTGAGE_ORIGINATION_ALL-sd-2014-01-01-ed-2026-01-01,fvi_mtg_unins_orig_resl2,float64,38,10
FVI_CHARACTERISTICS_MORTGAGE_ORIGINATION_ALL-sd-2014-01-01-ed-2026-01-01,fvi_mtg_unins_var_resl2,float64,38,10
FVI_CHARACTERISTICS_MORTGAGE_ORIGINATION_ALL-sd-2014-01-01-ed-2026-01-01,fvi_mtg_unins_fix_lt3y_resl2,float64,38,10
FVI_CHARACTERISTICS_MORTGAGE_ORIGINATION_ALL-sd-2014-01-01-ed-2026-01-01,fvi_mtg_unins_fix_3_to_lt5y_resl2,float64,38,10
FVI_CHARACTERISTICS_MORTGAGE_ORIGINATION_ALL-sd-2014-01-01-ed-2026-01-01,fvi_mtg_unins_fix_gte5y_resl2,float64,38,10
FVI_CHARACTERISTICS_MORTGAGE_ORIG_WEEKLY-sd-2013-11-23-ed-2026-03-04,date,datetime64[ns],0,635
FVI_CHARACTERISTICS_MORTGAGE_ORIG_WEEKLY-sd-2013-11-23-ed-2026-03-04,fvi_mtg_rate_5y_var,float64,0,131
FVI_CHARACTERISTICS_MORTGAGE_ORIG_WEEKLY-sd-2013-11-23-ed-2026-03-04,fvi_mtg_rate_5y_fix,float64,0,150
FVI_HOUSEHOLD-sd-2015-01-01-ed-2026-01-01,date,datetime64[ns],0,44
FVI_HOUSEHOLD-sd-2015-01-01-ed-2026-01-01,fvi_cc_avg_utilization_rate_allborrowers,float64,0,42
FVI_HOUSEHOLD-sd-2015-01-01-ed-2026-01-01,fvi_cc_avg_utilization_rate_mtgholder,float64,0,41
FVI_HOUSEHOLD-sd-2015-01-01-ed-2026-01-01,fvi_cc_avg_utilization_rate_non_mtgholder,float64,0,41
FVI_HOUSEHOLD-sd-2015-01-01-ed-2026-01-01,fvi_cc_dlq_rate_30dayplus_allborrowers,float64,0,34
FVI_HOUSEHOLD-sd-2015-01-01-ed-2026-01-01,fvi_cc_dlq_rate_30dayplus_mtgholder,float64,0,33
FVI_HOUSEHOLD-sd-2015-01-01-ed-2026-01-01,fvi_cc_dlq_rate_30dayplus_non_mtgholder,float64,0,36
FVI_HOUSEHOLD-sd-2015-01-01-ed-2026-01-01,fvi_cc_utilization_rate_above80_allborrowers,float64,0,40
FVI_HOUSEHOLD-sd-2015-01-01-ed-2026-01-01,fvi_cc_utilization_rate_above80_mtgholder,float64,0,43
FVI_HOUSEHOLD-sd-2015-01-01-ed-2026-01-01,fvi_cc_utilization_rate_above80_non_mtgholder,float64,0,42
FVI_HOUSEHOLD_CREDIT_PERFORMANCE-sd-2015-01-01-ed-2026-01-01,date,datetime64[ns],0,44
FVI_HOUSEHOLD_CREDIT_PERFORMANCE-sd-2015-01-01-ed-2026-01-01,fvi_fin_stress,float64,0,31
FVI_HOUSEHOLD_CREDIT_PERFORMANCE-sd-2015-01-01-ed-2026-01-01,fvi_loans_arr_mtg,float64,0,15
FVI_HOUSEHOLD_CREDIT_PERFORMANCE-sd-2015-01-01-ed-2026-01-01,fvi_loans_arr_auto,float64,0,27
FVI_HOUSEHOLD_CREDIT_PERFORMANCE-sd-2015-01-01-ed-2026-01-01,fvi_loans_arr_cc,float64,0,23
FVI_HOUSEHOLD_CREDIT_PERFORMANCE-sd-2015-01-01-ed-2026-01-01,fvi_loans_arr_heloc,float64,0,9
FVI_HOUSEHOLD_CREDIT_PERFORMANCE-sd-2015-01-01-ed-2026-01-01,fvi_loans_arr_loc,float64,0,16
FVI_HOUSEHOLD_CREDIT_PERFORMANCE-sd-2015-01-01-ed-2026-01-01,fvi_loans_arr_install,float64,0,37
FVI_HOUSE_FLIPPING_ACTIVITY-sd-2014-01-01-ed-2026-01-01,date,datetime64[ns],0,48
FVI_HOUSE_FLIPPING_ACTIVITY-sd-2014-01-01-ed-2026-01-01,fvi_house_resales_12m_victoria,float64,0,41
FVI_HOUSE_FLIPPING_ACTIVITY-sd-2014-01-01-ed-2026-01-01,fvi_house_resales_12m_vancouver,float64,0,39
FVI_HOUSE_FLIPPING_ACTIVITY-sd-2014-01-01-ed-2026-01-01,fvi_house_resales_12m_calgary,float64,0,44
FVI_HOUSE_FLIPPING_ACTIVITY-sd-2014-01-01-ed-2026-01-01,fvi_house_resales_12m_edmonton,float64,0,43
FVI_HOUSE_FLIPPING_ACTIVITY-sd-2014-01-01-ed-2026-01-01,fvi_house_resales_12m_winnipeg,float64,0,40
FVI_HOUSE_FLIPPING_ACTIVITY-sd-2014-01-01-ed-2026-01-01,fvi_house_resales_12m_hamilton,float64,0,42
FVI_HOUSE_FLIPPING_ACTIVITY-sd-2014-01-01-ed-2026-01-01,fvi_house_resales_12m_toronto,float64,0,42
FVI_HOUSE_FLIPPING_ACTIVITY-sd-2014-01-01-ed-2026-01-01,fvi_house_resales_12m_ottawagatineau,float64,0,41
FVI_HOUSE_FLIPPING_ACTIVITY-sd-2014-01-01-ed-2026-01-01,fvi_house_resales_12m_montreal,float64,0,38
FVI_HOUSE_FLIPPING_ACTIVITY-sd-2014-01-01-ed-2026-01-01,fvi_house_resales_12m_quebec,float64,0,37
FVI_HOUSE_FLIPPING_ACTIVITY-sd-2014-01-01-ed-2026-01-01,fvi_house_resales_12m_halifax,float64,0,46
FVI_HOUSE_FLIPPING_ACTIVITY-sd-2014-01-01-ed-2026-01-01,fvi_house_resales_12m_canada,float64,0,36
FVI_HOUSE_FLIPPING_ACTIVITY-sd-2014-01-01-ed-2026-01-01,fvi_house_resales_6m_victoria,float64,0,34
FVI_HOUSE_FLIPPING_ACTIVITY-sd-2014-01-01-ed-2026-01-01,fvi_house_resales_6m_vancouver,float64,0,35
FVI_HOUSE_FLIPPING_ACTIVITY-sd-2014-01-01-ed-2026-01-01,fvi_house_resales_6m_calgary,float64,0,45
FVI_HOUSE_FLIPPING_ACTIVITY-sd-2014-01-01-ed-2026-01-01,fvi_house_resales_6m_edmonton,float64,0,45
FVI_HOUSE_FLIPPING_ACTIVITY-sd-2014-01-01-ed-2026-01-01,fvi_house_resales_6m_winnipeg,float64,0,32
FVI_HOUSE_FLIPPING_ACTIVITY-sd-2014-01-01-ed-2026-01-01,fvi_house_resales_6m_hamilton,float64,0,31
FVI_HOUSE_FLIPPING_ACTIVITY-sd-2014-01-01-ed-2026-01-01,fvi_house_resales_6m_toronto,float64,0,33
FVI_HOUSE_FLIPPING_ACTIVITY-sd-2014-01-01-ed-2026-01-01,fvi_house_resales_6m_ottawagatineau,float64,0,35
FVI_HOUSE_FLIPPING_ACTIVITY-sd-2014-01-01-ed-2026-01-01,fvi_house_resales_6m_montreal,float64,0,27
FVI_HOUSE_FLIPPING_ACTIVITY-sd-2014-01-01-ed-2026-01-01,fvi_house_resales_6m_quebec,float64,0,24
FVI_HOUSE_FLIPPING_ACTIVITY-sd-2014-01-01-ed-2026-01-01,fvi_house_resales_6m_halifax,float64,0,41
FVI_HOUSE_FLIPPING_ACTIVITY-sd-2014-01-01-ed-2026-01-01,fvi_house_resales_6m_canada,float64,0,30
FVI_HOUSE_PRICE_EXPECTATIONS_CSCE-sd-2015-12-09-ed-2026-01-01,date,datetime64[ns],0,39
FVI_HOUSE_PRICE_EXPECTATIONS_CSCE-sd-2015-12-09-ed-2026-01-01,fvi_csce_atl,float64,0,38
FVI_HOUSE_PRICE_EXPECTATIONS_CSCE-sd-2015-12-09-ed-2026-01-01,fvi_csce_qc,float64,0,38
FVI_HOUSE_PRICE_EXPECTATIONS_CSCE-sd-2015-12-09-ed-2026-01-01,fvi_csce_on,float64,0,35
FVI_HOUSE_PRICE_EXPECTATIONS_CSCE-sd-2015-12-09-ed-2026-01-01,fvi_csce_mb,float64,0,36
FVI_HOUSE_PRICE_EXPECTATIONS_CSCE-sd-2015-12-09-ed-2026-01-01,fvi_csce_sk,float64,0,38
FVI_HOUSE_PRICE_EXPECTATIONS_CSCE-sd-2015-12-09-ed-2026-01-01,fvi_csce_ab,float64,0,37
FVI_HOUSE_PRICE_EXPECTATIONS_CSCE-sd-2015-12-09-ed-2026-01-01,fvi_csce_bc,float64,0,38
FVI_HOUSE_PRICE_EXPECTATIONS_CSCE-sd-2015-12-09-ed-2026-01-01,fvi_csce_can,float64,0,37
FVI_LOAN_TO_INCOME_RATIO_ALL-sd-2014-01-01-ed-2026-01-01,date,datetime64[ns],0,48
FVI_LOAN_TO_INCOME_RATIO_ALL-sd-2014-01-01-ed-2026-01-01,fvi_median_lti_fthb,float64,7,41
FVI_LOAN_TO_INCOME_RATIO_ALL-sd-2014-01-01-ed-2026-01-01,fvi_median_lti_repeat,float64,7,41
FVI_LOAN_TO_INCOME_RATIO_ALL-sd-2014-01-01-ed-2026-01-01,fvi_median_lti_investors,float64,7,41
FVI_LOAN_TO_INCOME_RATIO_ALL-sd-2014-01-01-ed-2026-01-01,fvi_median_lti_mtg_ins,float64,0,48
FVI_LOAN_TO_INCOME_RATIO_ALL-sd-2014-01-01-ed-2026-01-01,fvi_median_lti_mtg_unins,float64,7,41
FVI_LOAN_TO_INCOME_RATIO_ALL-sd-2014-01-01-ed-2026-01-01,fvi_median_lti_mtg_all,float64,7,40
FVI_LOAN_TO_INCOME_RATIO_ALL-sd-2014-01-01-ed-2026-01-01,fvi_mtg_lti450_ins,float64,0,48
FVI_LOAN_TO_INCOME_RATIO_ALL-sd-2014-01-01-ed-2026-01-01,fvi_mtg_lti450_unins,float64,7,41
FVI_LOAN_TO_INCOME_RATIO_ALL-sd-2014-01-01-ed-2026-01-01,fvi_mtg_lti450_all,float64,7,40
FVI_LOAN_TO_INCOME_RATIO_ALL-sd-2014-01-01-ed-2026-01-01,fvi_mtg_lti450_fthb,float64,7,41
FVI_LOAN_TO_INCOME_RATIO_ALL-sd-2014-01-01-ed-2026-01-01,fvi_mtg_lti450_repeat,float64,7,41
FVI_LOAN_TO_INCOME_RATIO_ALL-sd-2014-01-01-ed-2026-01-01,fvi_mtg_lti450_investors,float64,7,40
FVI_LOAN_TO_INCOME_RATIO_ALL-sd-2014-01-01-ed-2026-01-01,fvi_median_lti_fthb_resl2,float64,39,9
FVI_LOAN_TO_INCOME_RATIO_ALL-sd-2014-01-01-ed-2026-01-01,fvi_median_lti_repeat_resl2,float64,39,9
FVI_LOAN_TO_INCOME_RATIO_ALL-sd-2014-01-01-ed-2026-01-01,fvi_median_lti_investors_resl2,float64,39,9
FVI_LOAN_TO_INCOME_RATIO_ALL-sd-2014-01-01-ed-2026-01-01,fvi_median_lti_mtg_unins_resl2,float64,38,10
FVI_LOAN_TO_INCOME_RATIO_ALL-sd-2014-01-01-ed-2026-01-01,fvi_median_lti_mtg_all_mi_resl2,float64,38,10
FVI_LOAN_TO_INCOME_RATIO_ALL-sd-2014-01-01-ed-2026-01-01,fvi_mtg_lti450_unins_resl2,float64,38,10
FVI_LOAN_TO_INCOME_RATIO_ALL-sd-2014-01-01-ed-2026-01-01,fvi_mtg_lti450_all_mi_resl2,float64,38,10
FVI_LOAN_TO_INCOME_RATIO_ALL-sd-2014-01-01-ed-2026-01-01,fvi_mtg_lti450_fthb_resl2,float64,39,9
FVI_LOAN_TO_INCOME_RATIO_ALL-sd-2014-01-01-ed-2026-01-01,fvi_mtg_lti450_repeat_resl2,float64,39,9
FVI_LOAN_TO_INCOME_RATIO_ALL-sd-2014-01-01-ed-2026-01-01,fvi_mtg_lti450_investors_resl2,float64,39,9
FVI_LOAN_TO_VALUE_RATIO_ALL-sd-2014-01-01-ed-2026-01-01,date,datetime64[ns],0,48
FVI_LOAN_TO_VALUE_RATIO_ALL-sd-2014-01-01-ed-2026-01-01,fvi_mtg_ltv65_fthb,float64,7,41
FVI_LOAN_TO_VALUE_RATIO_ALL-sd-2014-01-01-ed-2026-01-01,fvi_mtg_ltv65_80_fthb,float64,7,41
FVI_LOAN_TO_VALUE_RATIO_ALL-sd-2014-01-01-ed-2026-01-01,fvi_mtg_ltv80_95_fthb,float64,7,40
FVI_LOAN_TO_VALUE_RATIO_ALL-sd-2014-01-01-ed-2026-01-01,fvi_mtg_ltv95_fthb,float64,7,41
FVI_LOAN_TO_VALUE_RATIO_ALL-sd-2014-01-01-ed-2026-01-01,fvi_mtg_ltv65_investors,float64,7,39
FVI_LOAN_TO_VALUE_RATIO_ALL-sd-2014-01-01-ed-2026-01-01,fvi_mtg_ltv65_80_investors,float64,7,41
FVI_LOAN_TO_VALUE_RATIO_ALL-sd-2014-01-01-ed-2026-01-01,fvi_mtg_ltv80_95_investors,float64,7,38
FVI_LOAN_TO_VALUE_RATIO_ALL-sd-2014-01-01-ed-2026-01-01,fvi_mtg_ltv95_investors,float64,7,40
FVI_LOAN_TO_VALUE_RATIO_ALL-sd-2014-01-01-ed-2026-01-01,fvi_mtg_ltvave_all,float64,7,40
FVI_LOAN_TO_VALUE_RATIO_ALL-sd-2014-01-01-ed-2026-01-01,fvi_mtg_ltvave_fthb,float64,7,39
FVI_LOAN_TO_VALUE_RATIO_ALL-sd-2014-01-01-ed-2026-01-01,fvi_mtg_ltvave_repeat,float64,7,41
FVI_LOAN_TO_VALUE_RATIO_ALL-sd-2014-01-01-ed-2026-01-01,fvi_mtg_ltvave_investors,float64,7,37
FVI_LOAN_TO_VALUE_RATIO_ALL-sd-2014-01-01-ed-2026-01-01,fvi_mtg_ltv65_repeat,float64,7,40
FVI_LOAN_TO_VALUE_RATIO_ALL-sd-2014-01-01-ed-2026-01-01,fvi_mtg_ltv65_80_repeat,float64,7,41
FVI_LOAN_TO_VALUE_RATIO_ALL-sd-2014-01-01-ed-2026-01-01,fvi_mtg_ltv80_95_repeat,float64,7,39
FVI_LOAN_TO_VALUE_RATIO_ALL-sd-2014-01-01-ed-2026-01-01,fvi_mtg_ltv95_repeat,float64,7,39
FVI_LOAN_TO_VALUE_RATIO_ALL-sd-2014-01-01-ed-2026-01-01,fvi_mtg_ltv65_all,float64,7,37
FVI_LOAN_TO_VALUE_RATIO_ALL-sd-2014-01-01-ed-2026-01-01,fvi_mtg_ltv65_80_all,float64,7,34
FVI_LOAN_TO_VALUE_RATIO_ALL-sd-2014-01-01-ed-2026-01-01,fvi_mtg_ltv80_95_all,float64,7,24
FVI_LOAN_TO_VALUE_RATIO_ALL-sd-2014-01-01-ed-2026-01-01,fvi_mtg_ltv95_all,float64,7,37
FVI_LOAN_TO_VALUE_RATIO_ALL-sd-2014-01-01-ed-2026-01-01,fvi_mtg_ltv65_fthb_resl2,float64,39,9
FVI_LOAN_TO_VALUE_RATIO_ALL-sd-2014-01-01-ed-2026-01-01,fvi_mtg_ltv65_80_fthb_resl2,float64,39,9
FVI_LOAN_TO_VALUE_RATIO_ALL-sd-2014-01-01-ed-2026-01-01,fvi_mtg_ltv80_95_fthb_resl2,float64,39,9
FVI_LOAN_TO_VALUE_RATIO_ALL-sd-2014-01-01-ed-2026-01-01,fvi_mtg_ltv95_fthb_resl2,float64,39,9
FVI_LOAN_TO_VALUE_RATIO_ALL-sd-2014-01-01-ed-2026-01-01,fvi_mtg_ltv65_investors_resl2,float64,39,9
FVI_LOAN_TO_VALUE_RATIO_ALL-sd-2014-01-01-ed-2026-01-01,fvi_mtg_ltv65_80_investors_resl2,float64,39,9
FVI_LOAN_TO_VALUE_RATIO_ALL-sd-2014-01-01-ed-2026-01-01,fvi_mtg_ltv80_95_investors_resl2,float64,39,8
FVI_LOAN_TO_VALUE_RATIO_ALL-sd-2014-01-01-ed-2026-01-01,fvi_mtg_ltv95_investors_resl2,float64,39,9
FVI_LOAN_TO_VALUE_RATIO_ALL-sd-2014-01-01-ed-2026-01-01,fvi_mtg_ltvave_all_mi_resl2,float64,38,10
FVI_LOAN_TO_VALUE_RATIO_ALL-sd-2014-01-01-ed-2026-01-01,fvi_mtg_ltvave_fthb_resl2,float64,39,8
FVI_LOAN_TO_VALUE_RATIO_ALL-sd-2014-01-01-ed-2026-01-01,fvi_mtg_ltvave_repeat_resl2,float64,39,9
FVI_LOAN_TO_VALUE_RATIO_ALL-sd-2014-01-01-ed-2026-01-01,fvi_mtg_ltvave_investors_resl2,float64,39,9
FVI_LOAN_TO_VALUE_RATIO_ALL-sd-2014-01-01-ed-2026-01-01,fvi_mtg_ltv65_repeat_resl2,float64,39,9
FVI_LOAN_TO_VALUE_RATIO_ALL-sd-2014-01-01-ed-2026-01-01,fvi_mtg_ltv65_80_repeat_resl2,float64,39,9
FVI_LOAN_TO_VALUE_RATIO_ALL-sd-2014-01-01-ed-2026-01-01,fvi_mtg_ltv80_95_repeat_resl2,float64,39,9
FVI_LOAN_TO_VALUE_RATIO_ALL-sd-2014-01-01-ed-2026-01-01,fvi_mtg_ltv95_repeat_resl2,float64,39,9
FVI_LOAN_TO_VALUE_RATIO_ALL-sd-2014-01-01-ed-2026-01-01,fvi_mtg_ltv65_all_mi_resl2,float64,38,10
FVI_LOAN_TO_VALUE_RATIO_ALL-sd-2014-01-01-ed-2026-01-01,fvi_mtg_ltv65_80_all_mi_resl2,float64,38,10
FVI_LOAN_TO_VALUE_RATIO_ALL-sd-2014-01-01-ed-2026-01-01,fvi_mtg_ltv80_95_all_mi_resl2,float64,38,10
FVI_LOAN_TO_VALUE_RATIO_ALL-sd-2014-01-01-ed-2026-01-01,fvi_mtg_ltv95_all_mi_resl2,float64,38,10
FVI_MORTGAGE_DEBT_SERVICE_RATIO_ALL,date,datetime64[ns],0,48
FVI_MORTGAGE_DEBT_SERVICE_RATIO_ALL,fvi_mtg_mdsr_gt25_all,float64,7,41
FVI_MORTGAGE_DEBT_SERVICE_RATIO_ALL,fvi_mtg_mdsr_gt25_unins,float64,7,39
FVI_MORTGAGE_DEBT_SERVICE_RATIO_ALL,fvi_mtg_mdsr_gt25_ins,float64,0,47
FVI_MORTGAGE_DEBT_SERVICE_RATIO_ALL,fvi_median_mdsr_all,float64,7,39
FVI_MORTGAGE_DEBT_SERVICE_RATIO_ALL,fvi_median_mdsr_unins,float64,7,35
FVI_MORTGAGE_DEBT_SERVICE_RATIO_ALL,fvi_median_mdsr_ins,float64,0,48
FVI_MORTGAGE_DEBT_SERVICE_RATIO_ALL,fvi_mtg_mdsr_gt25_fthb,float64,7,39
FVI_MORTGAGE_DEBT_SERVICE_RATIO_ALL,fvi_mtg_mdsr_gt25_investors,float64,7,34
FVI_MORTGAGE_DEBT_SERVICE_RATIO_ALL,fvi_mtg_mdsr_gt25_repeat,float64,7,40
FVI_MORTGAGE_DEBT_SERVICE_RATIO_ALL,fvi_median_mdsr_fthb,float64,7,41
FVI_MORTGAGE_DEBT_SERVICE_RATIO_ALL,fvi_median_mdsr_investors,float64,7,37
FVI_MORTGAGE_DEBT_SERVICE_RATIO_ALL,fvi_median_mdsr_repeat,float64,7,37
FVI_MORTGAGE_DEBT_SERVICE_RATIO_ALL,fvi_mtg_mdsr_gt25_all_mi_resl2,float64,38,10
FVI_MORTGAGE_DEBT_SERVICE_RATIO_ALL,fvi_mtg_mdsr_gt25_unins_resl2,float64,38,10
FVI_MORTGAGE_DEBT_SERVICE_RATIO_ALL,fvi_median_mdsr_all_mi_resl2,float64,38,9
FVI_MORTGAGE_DEBT_SERVICE_RATIO_ALL,fvi_median_mdsr_unins_resl2,float64,38,10
FVI_MORTGAGE_DEBT_SERVICE_RATIO_ALL,fvi_mtg_mdsr_gt25_fthb_resl2,float64,39,9
FVI_MORTGAGE_DEBT_SERVICE_RATIO_ALL,fvi_mtg_mdsr_gt25_investors_resl2,float64,39,9
FVI_MORTGAGE_DEBT_SERVICE_RATIO_ALL,fvi_mtg_mdsr_gt25_repeat_resl2,float64,39,9
FVI_MORTGAGE_DEBT_SERVICE_RATIO_ALL,fvi_median_mdsr_fthb_resl2,float64,39,9
FVI_MORTGAGE_DEBT_SERVICE_RATIO_ALL,fvi_median_mdsr_investors_resl2,float64,39,9
FVI_MORTGAGE_DEBT_SERVICE_RATIO_ALL,fvi_median_mdsr_repeat_resl2,float64,39,9
FVI_NFB_CASH-sd-1990-01-01-ed-2026-01-01,date,datetime64[ns],0,144
FVI_NFB_CASH-sd-1990-01-01-ed-2026-01-01,fvi_nfb_cash_debt_ratio,float64,0,106
FVI_NFB_ICR-sd-2012-01-01-ed-2026-01-01,date,datetime64[ns],0,56
FVI_NFB_ICR-sd-2012-01-01-ed-2026-01-01,fvi_nfb_icr,float64,0,56
FVI_NFB_INSOLVENCY-sd-1987-01-01-ed-2026-02-01,date,datetime64[ns],0,469
FVI_NFB_INSOLVENCY-sd-1987-01-01-ed-2026-02-01,fvi_nfb_insolvency,int64,0,373
FVI_NFB_PROFIT-sd-2010-01-01-ed-2026-01-01,date,datetime64[ns],0,64
FVI_NFB_PROFIT-sd-2010-01-01-ed-2026-01-01,fvi_nfb_profit_margin,float64,0,63
FVI_OVERALL_FINANCIAL_SYSTEM-sd-1981-01-01-ed-2026-02-02,date,datetime64[ns],0,542
FVI_OVERALL_FINANCIAL_SYSTEM-sd-1981-01-01-ed-2026-02-02,fvi_fsi_can,float64,0,41
FVI_TYPES_OF_MORTGAGED_HOMEBUYERS_ALL-sd-2014-01-01-ed-2025-10-01,date,datetime64[ns],0,47
FVI_TYPES_OF_MORTGAGED_HOMEBUYERS_ALL-sd-2014-01-01-ed-2025-10-01,fvi_vol_mtg_fthb,float64,6,41
FVI_TYPES_OF_MORTGAGED_HOMEBUYERS_ALL-sd-2014-01-01-ed-2025-10-01,fvi_vol_mtg_repeat,float64,6,40
FVI_TYPES_OF_MORTGAGED_HOMEBUYERS_ALL-sd-2014-01-01-ed-2025-10-01,fvi_vol_mtg_investors,float64,6,41
FVI_TYPES_OF_MORTGAGED_HOMEBUYERS_ALL-sd-2014-01-01-ed-2025-10-01,fvi_vol_mtg_fthb_resl2,float64,38,9
FVI_TYPES_OF_MORTGAGED_HOMEBUYERS_ALL-sd-2014-01-01-ed-2025-10-01,fvi_vol_mtg_repeat_resl2,float64,38,9
FVI_TYPES_OF_MORTGAGED_HOMEBUYERS_ALL-sd-2014-01-01-ed-2025-10-01,fvi_vol_mtg_investors_resl2,float64,38,9
Metadata_Country_API_CAN_DS2_en_csv_v2_10977,country_code,object,0,1
Metadata_Country_API_CAN_DS2_en_csv_v2_10977,region,object,0,1
Metadata_Country_API_CAN_DS2_en_csv_v2_10977,incomegroup,object,0,1
Metadata_Country_API_CAN_DS2_en_csv_v2_10977,specialnotes,object,0,1
Metadata_Country_API_CAN_DS2_en_csv_v2_10977,tablename,object,0,1
Metadata_Indicator_API_CAN_DS2_en_csv_v2_10977,indicator_code,object,0,1486
Metadata_Indicator_API_CAN_DS2_en_csv_v2_10977,indicator_name,object,0,1486
Metadata_Indicator_API_CAN_DS2_en_csv_v2_10977,source_note,object,0,1180
Metadata_Indicator_API_CAN_DS2_en_csv_v2_10977,source_organization,object,0,234
export-2026-06-18T23_01_18.985Z,category,object,0,76
export-2026-06-18T23_01_18.985Z,canada,float64,0,75
export-2026-06-18T23_01_18.988Z,category,object,0,76
export-2026-06-18T23_01_18.988Z,canada,float64,0,71
export-2026-06-18T23_01_20.102Z,category,object,0,76
export-2026-06-18T23_01_20.102Z,canada,float64,0,73
export-2026-06-18T23_01_21.351Z,category,object,0,75
export-2026-06-18T23_01_21.351Z,canada,float64,0,65
export-2026-06-18T23_01_21.458Z,category,object,0,76
export-2026-06-18T23_01_21.458Z,canada,float64,0,68
export-2026-06-18T23_01_32.610Z,category,object,0,76
export-2026-06-18T23_01_32.610Z,canada,float64,0,75
export-2026-06-18T23_01_32.637Z,category,object,0,76
export-2026-06-18T23_01_32.637Z,canada,float64,0,54
export-2026-06-18T23_01_32.638Z,category,object,0,76
export-2026-06-18T23_01_32.638Z,canada,float64,0,76
export-2026-06-18T23_01_39.067Z,category,object,0,76
export-2026-06-18T23_01_39.067Z,canada,float64,0,73
export-2026-06-18T23_06_21.414Z,"%_of_net_disposable_income,_2025",object,0,2
export-2026-06-18T23_06_27.437Z,"%_of_net_disposable_income,_2024",object,0,2
export-2026-06-18T23_06_33.968Z,"%_of_net_disposable_income,_2023",object,0,2
export-2026-06-18T23_06_39.389Z,"%_of_net_disposable_income,_2022",object,0,2
export-2026-06-18T23_06_46.003Z,"%_of_net_disposable_income,_2021",object,0,2
export-2026-06-18T23_06_52.253Z,"%_of_net_disposable_income,_2020",object,0,2
